dept,gender,admitted,applied,rejected,rate
A,male,512,825,313,0.6206060606060606
A,female,89,108,19,0.8240740740740741
B,male,353,560,207,0.6303571428571428
B,female,17,25,8,0.68
C,male,120,325,205,0.36923076923076925
C,female,202,593,391,0.3406408094435076
D,male,138,417,279,0.33093525179856115
D,female,131,375,244,0.34933333333333333
E,male,53,191,138,0.2774869109947644
E,female,94,393,299,0.23918575063613232
F,male,22,373,351,0.058981233243967826
F,female,24,341,317,0.07038123167155426
